{
  "timestamp": "2026-07-16T15:19:53.457029+00:00",
  "request_years": 400,
  "eval_years_per_candidate": 60,
  "generations": 8,
  "population": 6,
  "seed": 42,
  "elapsed_sec": 52.04,
  "champion_genome": {
    "min_entry_score": 71.76839686895083,
    "min_pop": 0.5042120796282679,
    "max_strikes": 4,
    "atr_momentum_weight": 20.0,
    "risk_per_trade": 0.020087157743819754,
    "max_contracts": 7,
    "commission_per_contract": 0.65,
    "slippage_per_share": 0.05,
    "loss_trigger_pct": 0.4441950375503746,
    "prefer_defined_risk": false,
    "use_adjustments": true,
    "profit_take_pct": 0.4830909921150658,
    "default_iv": 0.10725248725866142,
    "r": 0.05,
    "min_option_premium": 0.15,
    "max_option_premium": 15.0,
    "atm_band": 12.387542743689096,
    "generation": 4,
    "fitness": 125.68964072657126,
    "notes": "validated 400y fit=125.69 mean_ret=0.058"
  },
  "champion_validation_metrics": {
    "fitness": 125.68964072657126,
    "mean_return": 0.05812273207387794,
    "median_return": 0.027987505360463683,
    "mean_max_dd": 0.00033040136255103685,
    "p95_max_dd": 0.0013059263731768458,
    "mean_pf": 6.730641084780295,
    "mean_win_rate": 0.6308323479596788,
    "mean_trades_per_year": 70.2375,
    "crisis_mean_return": 0.09749035976522263,
    "ruin_years": 0.0,
    "n_years": 400.0
  },
  "evolution_history": [
    {
      "generation": 0,
      "best_fitness": 187.49409953560584,
      "best_metrics": {
        "fitness": 187.49409953560584,
        "mean_return": 0.08991843473849552,
        "median_return": 0.0578844489147492,
        "mean_max_dd": 0.0005582525715401616,
        "p95_max_dd": 0.0014531197731663106,
        "mean_pf": 10.0,
        "mean_win_rate": 0.8789215051777962,
        "mean_trades_per_year": 113.21666666666667,
        "crisis_mean_return": 0.1751440913446905,
        "ruin_years": 0.0,
        "n_years": 60.0
      },
      "best_genome": {
        "min_entry_score": 70.13796783804405,
        "min_pop": 0.49844939254655835,
        "max_strikes": 4,
        "atr_momentum_weight": 20.0,
        "risk_per_trade": 0.02078499076017322,
        "max_contracts": 5,
        "commission_per_contract": 0.65,
        "slippage_per_share": 0.05,
        "loss_trigger_pct": 0.4341414163377109,
        "prefer_defined_risk": false,
        "use_adjustments": true,
        "profit_take_pct": 0.4576849542424896,
        "default_iv": 0.13143106952143951,
        "r": 0.05,
        "min_option_premium": 0.15,
        "max_option_premium": 15.0,
        "atm_band": 13.121686838392224,
        "generation": 0,
        "fitness": 187.49409953560584,
        "notes": "validated 40y fit=152.11 mean_ret=0.060"
      }
    },
    {
      "generation": 1,
      "best_fitness": 188.77276790640133,
      "best_metrics": {
        "fitness": 188.77276790640133,
        "mean_return": 0.11234240876887128,
        "median_return": 0.0799818847587167,
        "mean_max_dd": 0.00045526394213598654,
        "p95_max_dd": 0.0010746487067833613,
        "mean_pf": 9.833333333333334,
        "mean_win_rate": 0.9129861806921126,
        "mean_trades_per_year": 98.78333333333333,
        "crisis_mean_return": 0.2570948652174816,
        "ruin_years": 0.0,
        "n_years": 60.0
      },
      "best_genome": {
        "min_entry_score": 71.76839686895083,
        "min_pop": 0.5042120796282679,
        "max_strikes": 4,
        "atr_momentum_weight": 20.0,
        "risk_per_trade": 0.020087157743819754,
        "max_contracts": 7,
        "commission_per_contract": 0.65,
        "slippage_per_share": 0.05,
        "loss_trigger_pct": 0.4441950375503746,
        "prefer_defined_risk": false,
        "use_adjustments": true,
        "profit_take_pct": 0.4830909921150658,
        "default_iv": 0.10725248725866142,
        "r": 0.05,
        "min_option_premium": 0.15,
        "max_option_premium": 15.0,
        "atm_band": 12.387542743689096,
        "generation": 1,
        "fitness": 188.77276790640133,
        "notes": "mutated from gen 1"
      }
    },
    {
      "generation": 2,
      "best_fitness": 185.5995782521556,
      "best_metrics": {
        "fitness": 185.5995782521556,
        "mean_return": 0.08049991777111544,
        "median_return": 0.04882660329630262,
        "mean_max_dd": 0.0003600659720750232,
        "p95_max_dd": 0.0011543061175396086,
        "mean_pf": 10.0,
        "mean_win_rate": 0.9290384681367849,
        "mean_trades_per_year": 93.03333333333333,
        "crisis_mean_return": 0.13684916589936388,
        "ruin_years": 0.0,
        "n_years": 60.0
      },
      "best_genome": {
        "min_entry_score": 73.30380054755022,
        "min_pop": 0.5264499022220005,
        "max_strikes": 4,
        "atr_momentum_weight": 20.0,
        "risk_per_trade": 0.021022701271393596,
        "max_contracts": 5,
        "commission_per_contract": 0.65,
        "slippage_per_share": 0.05,
        "loss_trigger_pct": 0.4882489942721765,
        "prefer_defined_risk": false,
        "use_adjustments": false,
        "profit_take_pct": 0.48573551477761234,
        "default_iv": 0.11080805041224179,
        "r": 0.05,
        "min_option_premium": 0.15,
        "max_option_premium": 15.0,
        "atm_band": 13.564187779291222,
        "generation": 2,
        "fitness": 185.5995782521556,
        "notes": "mutated from gen 2"
      }
    },
    {
      "generation": 3,
      "best_fitness": 188.96151615628077,
      "best_metrics": {
        "fitness": 188.96151615628077,
        "mean_return": 0.09166040713967251,
        "median_return": 0.0577183701198315,
        "mean_max_dd": 0.00042571090985135787,
        "p95_max_dd": 0.0011859666640007174,
        "mean_pf": 10.0,
        "mean_win_rate": 0.9156872073055916,
        "mean_trades_per_year": 107.75,
        "crisis_mean_return": 0.2614994363876616,
        "ruin_years": 0.0,
        "n_years": 60.0
      },
      "best_genome": {
        "min_entry_score": 71.76839686895083,
        "min_pop": 0.5042120796282679,
        "max_strikes": 4,
        "atr_momentum_weight": 20.0,
        "risk_per_trade": 0.020087157743819754,
        "max_contracts": 7,
        "commission_per_contract": 0.65,
        "slippage_per_share": 0.05,
        "loss_trigger_pct": 0.4441950375503746,
        "prefer_defined_risk": false,
        "use_adjustments": true,
        "profit_take_pct": 0.4830909921150658,
        "default_iv": 0.10725248725866142,
        "r": 0.05,
        "min_option_premium": 0.15,
        "max_option_premium": 15.0,
        "atm_band": 12.387542743689096,
        "generation": 3,
        "fitness": 188.96151615628077,
        "notes": "mutated from gen 1"
      }
    },
    {
      "generation": 4,
      "best_fitness": 189.3492401394006,
      "best_metrics": {
        "fitness": 189.3492401394006,
        "mean_return": 0.10067263623723828,
        "median_return": 0.07545544252908198,
        "mean_max_dd": 0.0004170087909986387,
        "p95_max_dd": 0.0011697317283510718,
        "mean_pf": 10.0,
        "mean_win_rate": 0.9321943470800005,
        "mean_trades_per_year": 106.51666666666667,
        "crisis_mean_return": 0.11363087169288359,
        "ruin_years": 0.0,
        "n_years": 60.0
      },
      "best_genome": {
        "min_entry_score": 71.76839686895083,
        "min_pop": 0.5042120796282679,
        "max_strikes": 4,
        "atr_momentum_weight": 20.0,
        "risk_per_trade": 0.020087157743819754,
        "max_contracts": 7,
        "commission_per_contract": 0.65,
        "slippage_per_share": 0.05,
        "loss_trigger_pct": 0.4441950375503746,
        "prefer_defined_risk": false,
        "use_adjustments": true,
        "profit_take_pct": 0.4830909921150658,
        "default_iv": 0.10725248725866142,
        "r": 0.05,
        "min_option_premium": 0.15,
        "max_option_premium": 15.0,
        "atm_band": 12.387542743689096,
        "generation": 4,
        "fitness": 189.3492401394006,